"","rsid","beta_hat_1","seb1","pval","beta_hat_2","seb2","A1","A2","p2","id"
"1","rs6715366",0.0540972217202848,0.0097,2.492e-08,0.0158,0.0048,"A","G",0.001005,"Btz3e6"
"2","rs113113059",0.0582972096102774,0.0107,4.891e-08,-0.0155,0.0052,"A","G",0.00293,"Btz3e6"
"3","rs12432904",-0.0535976373487916,0.0092,5.464e-09,-0.0117,0.0046,"A","C",0.01089,"Btz3e6"
"4","rs12892189",0.0668986373554447,0.0092,3.477e-13,0.0125,0.0045,"A","C",0.005817,"Btz3e6"
"5","rs8073146",0.0632001258860912,0.0108,4.342e-09,-0.0047,0.0052,"A","G",0.3611,"Btz3e6"
"6","rs2840676",0.0482977854077521,0.0088,3.694e-08,-6e-04,0.0044,"A","G",0.8858,"Btz3e6"
"7","rs7515363",-0.0535028515173065,0.0089,1.836e-09,1e-04,0.0044,"A","G",0.9798,"Btz3e6"
"8","rs11687313",0.0954981974785401,0.0126,2.84e-14,0.0215,0.0062,"A","G",0.0004958,"Btz3e6"
"9","rs3739118",-0.0570039574677328,0.0095,2.364e-09,-0.0076,0.0048,"A","G",0.1082,"Btz3e6"
"10","rs56335113",0.0647010079358763,0.0094,6.017e-12,0.004,0.0047,"A","G",0.3991,"Btz3e6"
"11","rs11263861",0.0521041493573948,0.0093,2.018e-08,0.0116,0.0047,"A","G",0.01252,"Btz3e6"
"12","rs1915019",0.0570984120398765,0.0098,6.574e-09,-5e-04,0.005,"A","G",0.9158,"Btz3e6"
"13","rs308697",-0.0501035869662456,0.0087,8.832e-09,0.0066,0.0043,"A","C",0.1265,"Btz3e6"
"14","rs12310367",-0.0517039049923374,0.0091,1.214e-08,-0.0127,0.0045,"A","G",0.005274,"Btz3e6"
"15","rs1615350",-0.0736035592446318,0.0098,4.918e-14,0.0139,0.005,"A","G",0.005211,"Btz3e6"
"16","rs6001259",0.191499545979748,0.0348,3.696e-08,-0.001,0.0185,"A","G",0.9562,"Btz3e6"
"17","rs167924",-0.0501991563328521,0.009,2.339e-08,-2e-04,0.0044,"A","G",0.9655,"Btz3e6"
"18","rs9876421",0.0625032603532887,0.0092,9.192e-12,0.0019,0.0045,"A","G",0.6708,"Btz3e6"
"19","rs6549963",0.0483043318863239,0.0088,4.308e-08,0.0056,0.0044,"A","G",0.2015,"Btz3e6"
"20","rs6538539",-0.0567961259994112,0.0086,4.428e-11,0.0046,0.0043,"A","C",0.2917,"Btz3e6"
"21","rs10777956",-0.0499993949944177,0.0089,1.746e-08,-0.006,0.0044,"A","G",0.174,"Btz3e6"
"22","rs7575796",0.0963005982689046,0.0172,2.065e-08,-0.0178,0.0082,"A","G",0.0305,"Btz3e6"
"23","rs10086619",-0.0722051682492376,0.0116,4.968e-10,-0.0063,0.0058,"A","G",0.2748,"Btz3e6"
"24","rs4702",-0.0843043830520302,0.0089,2.794e-21,-0.0178,0.0044,"A","G",4.982e-05,"Btz3e6"
"25","rs11210892",-0.0635004825618992,0.0091,2.678e-12,-0.0038,0.0046,"A","G",0.4042,"Btz3e6"
"26","rs67439964",0.0595039941477318,0.0105,1.363e-08,0.0196,0.0051,"A","G",0.000106,"Btz3e6"
"27","rs11136325",-0.0537966583556417,0.0091,3.046e-09,-0.0058,0.0045,"A","G",0.1953,"Btz3e6"
"28","rs4129585",0.0749961490364056,0.0087,5.109e-18,0.0151,0.0043,"A","C",0.0005285,"Btz3e6"
"29","rs77492327",-0.0874987684728371,0.0145,1.606e-09,0.0075,0.0073,"A","G",0.2998,"Btz3e6"
"30","rs217336",-0.0503033045092425,0.0087,8.051e-09,0.0029,0.0043,"A","C",0.5083,"Btz3e6"
"31","rs3824451",-0.0655950790984102,0.0118,2.539e-08,-0.0058,0.0058,"A","G",0.325,"Btz3e6"
"32","rs2381411",-0.050398957583852,0.0088,1.25e-08,-0.0038,0.0044,"A","G",0.3872,"Btz3e6"
"33","rs39967",-0.0623968162257107,0.0114,4.38e-08,0.0031,0.0056,"A","G",0.583,"Btz3e6"
"34","rs7927176",-0.0509986009718156,0.0092,3.13e-08,-0.01,0.0046,"A","G",0.02955,"Btz3e6"
"35","rs12293670",0.0704957416116978,0.0092,1.557e-14,0.0085,0.0046,"A","G",0.06311,"Btz3e6"
"36","rs2910032",-0.0582972096102774,0.0086,1.111e-11,0.0057,0.0043,"A","G",0.1867,"Btz3e6"
"37","rs72802868",-0.0691995168010044,0.0096,4.554e-13,-0.0032,0.0047,"A","C",0.5014,"Btz3e6"
"38","rs79212538",0.111199753092226,0.0203,4.325e-08,-0.0103,0.0104,"A","C",0.3235,"Btz3e6"
"39","rs12652777",0.0487996879336047,0.0086,1.523e-08,0.0093,0.0043,"A","G",0.03163,"Btz3e6"
"40","rs149165",0.0481995135792341,0.0087,3.005e-08,0.0087,0.0043,"A","C",0.04468,"Btz3e6"
"41","rs12771371",-0.0524026787930484,0.0093,1.94e-08,-8e-04,0.0046,"A","G",0.8616,"Btz3e6"
"42","rs7830315",-0.0478046499481398,0.0086,3.082e-08,-0.0164,0.0043,"A","G",0.000142,"Btz3e6"
"43","rs6984242",-0.0546964969190277,0.0087,3.855e-10,0.0135,0.0044,"A","G",0.002146,"Btz3e6"
"44","rs11941714",-0.0515957486436504,0.0093,3.073e-08,-0.0086,0.0047,"A","G",0.06666,"Btz3e6"
"45","rs13145415",-0.064297867182731,0.0117,3.951e-08,-0.0085,0.0058,"A","C",0.1409,"Btz3e6"
"46","rs58120505",0.0896030157907481,0.0088,2.235e-24,-0.0037,0.0044,"A","G",0.3983,"Btz3e6"
"47","rs17731",0.0523991687992084,0.0089,4.37e-09,-0.0092,0.0044,"A","G",0.03891,"Btz3e6"
"48","rs4766428",0.0750037578653527,0.0089,3.931e-17,0.0079,0.0044,"A","G",0.07172,"Btz3e6"
"49","rs16940992",0.0697032857496389,0.0124,2.037e-08,-0.0032,0.006,"A","G",0.5969,"Btz3e6"
"50","rs117145318",0.123897943656285,0.0225,3.788e-08,0.0239,0.0114,"A","C",0.03557,"Btz3e6"
"51","rs10415576",0.0618004009054468,0.0091,1.085e-11,7e-04,0.0045,"A","G",0.8789,"Btz3e6"
"52","rs2999392",0.0517986852338873,0.0094,3.05e-08,0.0015,0.0047,"A","G",0.7507,"Btz3e6"
"53","rs2333321",0.0712037590063322,0.0105,1.248e-11,0.0229,0.0053,"A","G",1.511e-05,"Btz3e6"
"54","rs61405217",-0.0499038295281839,0.0086,7.025e-09,-0.009,0.0043,"A","G",0.03734,"Btz3e6"
"55","rs12498839",0.118704710267967,0.0183,7.904e-11,0.0374,0.0092,"A","G",5.193e-05,"Btz3e6"
"56","rs3791710",0.0600032523358097,0.0108,3.02e-08,-0.0043,0.0054,"A","G",0.4204,"Btz3e6"
"57","rs6943762",0.10509848132983,0.0132,1.569e-15,0.014,0.0065,"A","G",0.03089,"Btz3e6"
"58","rs13233308",-0.0487044462100383,0.0086,1.749e-08,-0.0084,0.0043,"A","G",0.05052,"Btz3e6"
"59","rs2252074",-0.0685037054338901,0.0088,6.192e-15,0.0024,0.0044,"A","C",0.5839,"Btz3e6"
"60","rs16851048",-0.0744972786929105,0.0107,4.149e-12,-0.019,0.0054,"A","G",0.0004556,"Btz3e6"
"61","rs4636654",-0.0483043318863239,0.0089,4.892e-08,-0.0232,0.0044,"A","G",1.322e-07,"Btz3e6"
"62","rs11027839",-0.0515038428671156,0.0086,2.398e-09,-0.0103,0.0043,"A","C",0.01631,"Btz3e6"
"63","rs12327967",0.0660966815748511,0.0119,3.053e-08,-0.0068,0.006,"A","G",0.259,"Btz3e6"
"64","rs778371",-0.0806028645320996,0.0095,1.495e-17,0.0076,0.0048,"A","G",0.1143,"Btz3e6"
"65","rs4575535",-0.0557981629302465,0.0096,5.77e-09,-0.0018,0.0047,"A","G",0.707,"Btz3e6"
"66","rs2456020",-0.0815984200022575,0.0102,1.125e-15,-0.0076,0.0051,"A","G",0.1379,"Btz3e6"
"67","rs10117",-0.0549994182186046,0.0088,4.659e-10,-0.0013,0.0044,"A","G",0.7739,"Btz3e6"
"68","rs9687282",-0.0525994101433915,0.0091,7.328e-09,0.0023,0.0046,"A","C",0.6131,"Btz3e6"
"69","rs198806",-0.0586996008587778,0.0089,3.94e-11,-0.0146,0.0044,"A","G",0.0008924,"Btz3e6"
"70","rs12199613",-0.0641009254065236,0.0089,6.687e-13,-0.0229,0.0044,"A","G",2.328e-07,"Btz3e6"
"71","rs1796518",-0.0587027762537362,0.0091,9.228e-11,-0.0209,0.0045,"A","G",3.062e-06,"Btz3e6"
"72","rs6909479",0.059701843246044,0.0086,5.136e-12,0.0082,0.0043,"A","C",0.0585,"Btz3e6"
"73","rs4712938",-0.0641012834065877,0.0104,7.79e-10,-0.008,0.0051,"A","G",0.1149,"Btz3e6"
"74","rs416571",0.0518046636160167,0.0087,2.277e-09,0.0017,0.0043,"A","G",0.6996,"Btz3e6"
"75","rs2531806",-0.0680978043671968,0.0087,4.044e-15,-0.0123,0.0043,"A","C",0.004211,"Btz3e6"
"76","rs9393698",0.068396620708353,0.0098,3.804e-12,0.0045,0.0049,"A","G",0.3634,"Btz3e6"
"77","rs764284",0.0605996221289296,0.0087,2.871e-12,-0.0021,0.0043,"A","G",0.6221,"Btz3e6"
"78","rs13195636",0.210504007767746,0.0159,6.546e-40,0.055,0.007,"A","C",3.842e-15,"Btz3e6"
"79","rs35531336",0.0739008078395342,0.0132,2.216e-08,0.012,0.0064,"A","G",0.06242,"Btz3e6"
"80","rs12540417",0.0676025721352111,0.0091,9.583e-14,0,0.0045,"A","C",0.9963,"Btz3e6"
"81","rs7801375",-0.0732053027592748,0.0119,7.563e-10,-0.0058,0.0059,"A","G",0.3258,"Btz3e6"
"82","rs1265099",0.0518996105407571,0.0088,3.577e-09,0.0208,0.0044,"A","G",2.02e-06,"Btz3e6"
"83","rs9272446",0.145000371727672,0.0205,1.499e-12,0.0195,0.0053,"A","G",0.0002579,"Btz3e6"
"84","rs2894222",-0.0575988723793984,0.0087,2.85e-11,-0.0013,0.0043,"A","G",0.7712,"Btz3e6"
"85","rs9461856",0.0620988329318545,0.0086,5.71e-13,0.0099,0.0043,"A","G",0.02187,"Btz3e6"
"86","rs116416291",-0.148195842064579,0.0208,9.309e-13,-0.021,0.0095,"A","G",0.0264,"Btz3e6"
"87","rs9461916",-0.0532952970582236,0.0088,1.641e-09,-0.0051,0.0044,"A","G",0.2462,"Btz3e6"
"88","rs570263",-0.0623968162257107,0.0094,2.693e-11,-0.0181,0.0045,"A","G",6.454e-05,"Btz3e6"
"89","rs9270836",0.0683033004541534,0.0121,1.743e-08,0.0017,0.0048,"A","G",0.7259,"Btz3e6"
"90","rs9274623",-0.129896042740184,0.0129,1.129e-23,-0.021,0.0052,"A","C",4.818e-05,"Btz3e6"
"91","rs209474",-0.0523043316292892,0.0088,2.767e-09,-0.0058,0.0044,"A","G",0.1922,"Btz3e6"
"92","rs1144708",-0.0754970069979959,0.009,6.692e-17,-0.0222,0.0045,"A","G",8.557e-07,"Btz3e6"
"93","rs2967",-0.056496280157669,0.0097,5.822e-09,-0.0071,0.0047,"A","G",0.134,"Btz3e6"
"94","rs11693094",-0.054402954379292,0.0087,4.292e-10,-0.0127,0.0043,"A","G",0.003292,"Btz3e6"
"95","rs12129573",0.0777993924544118,0.0089,2.282e-18,0.0252,0.0045,"A","C",2.069e-08,"Btz3e6"
"96","rs215412",0.0577032681284449,0.0091,2.692e-10,0.0036,0.0046,"A","G",0.4321,"Btz3e6"
"97","rs6762456",-0.0740018239414889,0.0113,5.106e-11,-0.0153,0.0053,"A","C",0.003935,"Btz3e6"
"98","rs7647398",-0.0774979340203838,0.0109,1.074e-12,0.0011,0.0054,"A","G",0.8439,"Btz3e6"
"99","rs1430894",0.0532952970582236,0.0086,6.154e-10,-0.0064,0.0043,"A","G",0.1377,"Btz3e6"
"100","rs12489270",-0.0579045745015309,0.0089,7.468e-11,-0.01,0.0045,"A","G",0.02562,"Btz3e6"
"101","rs80094991",0.136404086289288,0.0245,2.615e-08,0.0025,0.0129,"A","G",0.8451,"Btz3e6"
"102","rs5995756",0.0574006067311047,0.0086,3.181e-11,0.0072,0.0044,"A","G",0.09892,"Btz3e6"
"103","rs9623320",0.0593997472816252,0.0095,4.373e-10,0.0204,0.0048,"A","G",1.752e-05,"Btz3e6"
"104","rs5751191",-0.0655950790984102,0.0086,3.004e-14,3e-04,0.0043,"A","G",0.9367,"Btz3e6"
"105","rs699318",0.0672005996602386,0.0092,2.268e-13,0.0139,0.0046,"A","G",0.002462,"Btz3e6"
"106","rs1451488",-0.0708946787765477,0.0087,4.472e-16,-0.0052,0.0043,"A","G",0.2297,"Btz3e6"
"107","rs7563610",0.0513962890834148,0.0089,7.395e-09,-4e-04,0.0044,"A","G",0.9292,"Btz3e6"
"108","rs4812325",0.0719042482916749,0.0089,8.96e-16,0.0151,0.0044,"A","G",0.0006656,"Btz3e6"
"109","rs56245805",0.077097050384967,0.0122,2.648e-10,0.0078,0.0059,"A","G",0.183,"Btz3e6"
"110","rs60135207",-0.0495993604912842,0.0088,1.526e-08,-0.0082,0.0044,"A","C",0.05873,"Btz3e6"
"111","rs12991836",-0.0605040040910452,0.009,1.623e-11,-0.003,0.0045,"A","C",0.5102,"Btz3e6"
"112","rs16825349",-0.0689000186550519,0.0112,7.722e-10,-0.0041,0.0055,"A","G",0.4621,"Btz3e6"
"113","rs13016542",0.0883038746878331,0.0129,8.282e-12,0.0106,0.0064,"A","G",0.09687,"Btz3e6"
"114","rs500102",0.0517002115855168,0.0088,4.871e-09,0.0041,0.0044,"A","G",0.3488,"Btz3e6"
"115","rs7900775",0.0489996660319079,0.0089,3.816e-08,0.0271,0.0044,"A","G",1.095e-09,"Btz3e6"
"116","rs7090337",0.0534957179427506,0.0089,1.604e-09,0.0057,0.0044,"A","G",0.1897,"Btz3e6"
"117","rs11191580",0.13170347299691,0.0155,1.772e-17,0.0361,0.0079,"A","G",4.929e-06,"Btz3e6"
"118","rs79780963",-0.13109843538282,0.0155,3.394e-17,-0.0368,0.0079,"A","G",3.395e-06,"Btz3e6"
"119","rs9454727",0.054402954379292,0.0098,3.35e-08,-0.0041,0.0049,"A","G",0.3931,"Btz3e6"
"120","rs2815731",-0.0600032523358097,0.0091,4.388e-11,-0.0078,0.0045,"A","C",0.08592,"Btz3e6"
"121","rs324017",-0.0657979805904322,0.0096,7.516e-12,0.0049,0.0047,"A","C",0.3029,"Btz3e6"
"122","rs61937595",-0.130098005289989,0.0162,1.147e-15,0.0144,0.0076,"A","G",0.05763,"Btz3e6"
"123","rs2013949",-0.0821973079313746,0.0138,2.791e-09,0.0049,0.0067,"A","C",0.4643,"Btz3e6"
"124","rs9910403",-0.0654028946007014,0.0109,1.673e-09,-0.0065,0.0055,"A","G",0.2317,"Btz3e6"
"125","rs8055219",0.066503116358279,0.0101,5.693e-11,0.0259,0.0051,"A","G",4.797e-07,"Btz3e6"
"126","rs187557",-0.0666955680382664,0.0119,2.029e-08,-0.0086,0.006,"A","G",0.1496,"Btz3e6"
"127","rs1901512",0.0584009748744768,0.0094,5.723e-10,0.0057,0.0047,"A","G",0.2282,"Btz3e6"
"128","rs10861176",0.0555021391616052,0.0098,1.588e-08,-0.0101,0.0049,"A","G",0.03949,"Btz3e6"
"129","rs10860960",-0.0518996105407571,0.0089,6.262e-09,-0.0161,0.0044,"A","G",0.0002882,"Btz3e6"
"130","rs2455415",0.0494949124461712,0.0088,1.69e-08,-0.0011,0.0044,"A","G",0.7974,"Btz3e6"
"131","rs1604060",-0.0772050709089715,0.014,3.241e-08,-0.0172,0.0068,"A","G",0.01129,"Btz3e6"
"132","rs2241033",0.0517986852338873,0.0093,3.025e-08,0.0096,0.0046,"A","G",0.03662,"Btz3e6"
"133","rs10035564",-0.0668024151462154,0.0092,4.38e-13,0.0089,0.0046,"A","G",0.0516,"Btz3e6"
"134","rs34611983",0.0537018913875451,0.0096,2.459e-08,0.0063,0.0046,"A","C",0.1692,"Btz3e6"
"135","rs17194490",0.0781994075954536,0.0116,1.795e-11,0.0072,0.0059,"A","C",0.2208,"Btz3e6"
"136","rs56393513",0.0567961259994112,0.0102,2.469e-08,0.0091,0.005,"A","G",0.07061,"Btz3e6"
"137","rs4936277",0.0546018151915836,0.0088,5.676e-10,0.0164,0.0044,"A","G",0.0001642,"Btz3e6"
"138","rs4987094",0.0785995828126435,0.0143,3.651e-08,0.0194,0.0073,"A","G",0.007772,"Btz3e6"
"139","rs2514218",-0.0704957416116978,0.0092,1.348e-14,-0.0269,0.0045,"A","G",2.483e-09,"Btz3e6"
"140","rs1881046",-0.0507026199737612,0.0092,3.392e-08,-0.0069,0.0045,"A","C",0.1276,"Btz3e6"
"141","rs79210963",-0.0856014622957261,0.0137,4.142e-10,-0.0098,0.0067,"A","G",0.147,"Btz3e6"
"142","rs12285419",0.084904507090444,0.011,1.048e-14,-0.0011,0.0055,"A","C",0.8338,"Btz3e6"
"143","rs3729986",0.0880992412266881,0.0147,2.184e-09,7e-04,0.0072,"A","G",0.9204,"Btz3e6"
"144","rs6926151",0.0974986923536763,0.0176,3.249e-08,-0.0024,0.0087,"A","G",0.7866,"Btz3e6"
"145","rs634940",0.0663962456396854,0.0099,1.784e-11,0.014,0.0049,"A","C",0.004167,"Btz3e6"
"146","rs9304548",-0.0567016428693038,0.01,1.594e-08,-0.0106,0.0049,"A","C",0.03055,"Btz3e6"
"147","rs2710323",0.0784044433741818,0.0086,1.229e-19,0.0161,0.0043,"A","G",0.0001888,"Btz3e6"
"148","rs71301816",-0.081497034243183,0.0146,2.177e-08,-0.0011,0.0071,"A","G",0.8756,"Btz3e6"
"149","rs13080668",0.0600974240485804,0.0094,1.385e-10,0.016,0.0046,"A","G",0.0005752,"Btz3e6"
"150","rs7634476",-0.0577032681284449,0.0088,5.462e-11,-0.0054,0.0044,"A","G",0.2199,"Btz3e6"
"151","rs4779050",0.0579952857871378,0.0089,7.274e-11,0.0052,0.0045,"A","C",0.2421,"Btz3e6"
"152","rs11638554",0.0651039862320457,0.0095,7.581e-12,0.0096,0.0047,"A","C",0.04196,"Btz3e6"
"153","rs867810",-0.0580953231907121,0.0091,1.672e-10,-8e-04,0.0045,"A","G",0.8564,"Btz3e6"
"154","rs3795310",-0.0509972505709038,0.0087,5.75e-09,0.02,0.0043,"A","G",3.614e-06,"Btz3e6"
"155","rs708228",0.0527996915922012,0.0091,6.556e-09,0.0208,0.0046,"A","G",5.177e-06,"Btz3e6"
"156","rs246024",-0.0475036226439669,0.0086,3.612e-08,0.0078,0.0043,"A","G",0.07139,"Btz3e6"
"157","rs11993663",0.050398957583852,0.0091,3.319e-08,-0.0075,0.0046,"A","C",0.1001,"Btz3e6"
"158","rs4921741",-0.0559990861201021,0.0098,1.205e-08,2e-04,0.005,"A","G",0.9613,"Btz3e6"
"159","rs72974238",-0.0528011569911275,0.0092,8.741e-09,0.0019,0.0046,"A","C",0.6846,"Btz3e6"
"160","rs35351411",-0.0635043893695306,0.0087,2.211e-13,-0.0082,0.0043,"A","C",0.05754,"Btz3e6"
"161","rs3814883",-0.0670977435324941,0.0087,1.576e-14,-0.0145,0.0043,"A","G",0.0008446,"Btz3e6"
"162","rs2190864",0.0647010079358763,0.0087,1.165e-13,0.0108,0.0044,"A","G",0.01358,"Btz3e6"
"163","rs4902961",0.05519563546795,0.0099,2.176e-08,0.0018,0.005,"A","G",0.7171,"Btz3e6"
"164","rs2965189",0.0730977134062134,0.0089,3.031e-16,-0.001,0.0045,"A","C",0.8214,"Btz3e6"
"165","rs72986630",0.112295619103693,0.0179,3.594e-10,-0.013,0.0092,"A","G",0.1583,"Btz3e6"
"166","rs7191183",-0.0584027170759943,0.0093,3.324e-10,-0.0159,0.0047,"A","G",0.0007221,"Btz3e6"
"167","rs72692857",0.0680043830932363,0.0118,9.387e-09,0.0086,0.0058,"A","G",0.1372,"Btz3e6"
"168","rs13107325",0.158702691195321,0.0168,2.9e-21,0.0242,0.0084,"A","G",0.003878,"Btz3e6"
"169","rs7403630",0.0551005327305046,0.0089,6.166e-10,0.0068,0.0044,"A","G",0.1202,"Btz3e6"
"170","rs11807834",0.0548047153744336,0.0099,2.978e-08,0.0097,0.005,"A","G",0.05028,"Btz3e6"
"171","rs72769124",0.103894923496216,0.0147,1.859e-12,0.0221,0.0074,"A","C",0.002862,"Btz3e6"
"172","rs145071536",-0.0851004766504662,0.012,1.615e-12,-0.0096,0.0057,"A","G",0.09098,"Btz3e6"
"173","rs9428966",0.055500929860874,0.0099,2.018e-08,0.0204,0.0049,"A","C",2.716e-05,"Btz3e6"
"174","rs4658559",-0.0542027860143161,0.0097,2.135e-08,-0.0138,0.0048,"A","C",0.003893,"Btz3e6"
"175","rs2489213",-0.0509972505709038,0.0093,4.708e-08,-0.0065,0.0047,"A","G",0.1717,"Btz3e6"
"176","rs7099380",0.0519988063604998,0.0087,1.822e-09,0.0153,0.0045,"A","G",0.0006265,"Btz3e6"
"177","rs6482437",-0.0989036285144588,0.0142,3.326e-12,-0.0014,0.0071,"A","C",0.8482,"Btz3e6"
"178","rs16867571",0.0657034673241941,0.0104,2.676e-10,0.0075,0.005,"A","G",0.1351,"Btz3e6"
"179","rs6974218",0.0548952993715794,0.0089,6.804e-10,0.0131,0.0044,"A","C",0.003076,"Btz3e6"
"180","rs7803571",-0.0636037093371393,0.009,1.267e-12,-4e-04,0.0045,"A","G",0.9313,"Btz3e6"
"181","rs2944839",-0.0485044090596151,0.0086,1.95e-08,0.0061,0.0043,"A","G",0.1548,"Btz3e6"
"182","rs11954859",0.0700040968887733,0.0087,6.293e-16,-0.0016,0.0043,"A","C",0.7063,"Btz3e6"
"183","rs73229090",-0.102601713660719,0.0142,4.337e-13,-0.007,0.0068,"A","C",0.304,"Btz3e6"
"184","rs113264400",-0.112295619103693,0.0202,2.865e-08,-0.0044,0.0105,"A","G",0.6743,"Btz3e6"
"185","rs74480281",-0.0933990072585827,0.0164,1.248e-08,-0.0108,0.0082,"A","G",0.1885,"Btz3e6"
"186","rs11682175",-0.0695001429845276,0.0086,8.699e-16,-0.0194,0.0043,"A","G",6.907e-06,"Btz3e6"
"187","rs12969453",0.0651976788453886,0.0087,8.518e-14,0.0268,0.0044,"A","G",8.504e-10,"Btz3e6"
"188","rs74914300",-0.160004446402924,0.022,3.949e-13,-0.0254,0.0116,"A","C",0.02952,"Btz3e6"
"189","rs72934602",-0.103503793014661,0.0163,2.345e-10,-0.0129,0.0077,"A","G",0.09496,"Btz3e6"
"190","rs4632195",0.0471964348309747,0.0086,4.586e-08,0.0248,0.0043,"A","G",8.129e-09,"Btz3e6"
"191","rs9636107",-0.0698968513822572,0.0086,5.115e-16,-0.0215,0.0043,"A","G",6.484e-07,"Btz3e6"
"192","rs1792709",-0.0656004570839489,0.0099,4.205e-11,-0.0053,0.0049,"A","G",0.2738,"Btz3e6"
"193","rs17571951",-0.0641972460452074,0.0105,9.97e-10,-0.0042,0.0052,"A","G",0.4149,"Btz3e6"
"194","rs12883788",0.0613011005766046,0.0087,1.862e-12,2e-04,0.0044,"A","G",0.9654,"Btz3e6"
"195","rs2053079",-0.0598986354083514,0.0101,3.007e-09,0.0096,0.005,"A","G",0.05613,"Btz3e6"
"196","rs505061",0.0534957179427506,0.0086,5.804e-10,0.012,0.0043,"A","C",0.005406,"Btz3e6"
"197","rs12865628",0.0555972801024095,0.0099,1.671e-08,-0.0046,0.0049,"A","G",0.3395,"Btz3e6"
"198","rs9318627",0.0611985747210087,0.0088,4.352e-12,0.0124,0.0044,"A","C",0.00465,"Btz3e6"
"199","rs6546857",-0.0603977725486758,0.0102,2.744e-09,-0.0019,0.0051,"A","G",0.7064,"Btz3e6"
"200","rs13407231",-0.0515007728624032,0.0091,1.597e-08,-0.0101,0.0045,"A","G",0.02512,"Btz3e6"
"201","rs6701322",-0.0686000914922569,0.01,6.145e-12,-0.0104,0.0052,"A","G",0.04489,"Btz3e6"
"202","rs2802535",0.10319619282845,0.011,5.847e-21,-0.0118,0.0056,"A","G",0.03564,"Btz3e6"
"203","rs56205728",0.0630036995790015,0.0097,1.007e-10,0.0098,0.0049,"A","G",0.04644,"Btz3e6"
"204","rs2255663",-0.0582028682075395,0.0095,8.403e-10,-0.0084,0.0047,"A","G",0.07256,"Btz3e6"
"205","rs62183855",0.0660966815748511,0.0111,2.658e-09,0.0018,0.0054,"A","C",0.7444,"Btz3e6"
"206","rs34879738",0.0524026787930484,0.0094,2.169e-08,0.0022,0.0046,"A","G",0.6333,"Btz3e6"
"207","rs2935244",-0.0600048139370291,0.0104,9.117e-09,-0.0039,0.0052,"A","C",0.4537,"Btz3e6"
"208","rs10108980",0.0628013642021005,0.0106,2.725e-09,4e-04,0.0057,"A","G",0.9485,"Btz3e6"
"209","rs117472063",0.139296550686672,0.0242,9.019e-09,0.0333,0.0109,"A","G",0.002299,"Btz3e6"
"210","rs72980087",0.0579999442979887,0.0089,8.624e-11,-0.0035,0.0045,"A","G",0.4275,"Btz3e6"
"211","rs11664298",0.0773995372615036,0.0108,8.936e-13,0.0313,0.0053,"A","G",4.597e-09,"Btz3e6"
"212","rs10894308",-0.0539956397610122,0.0088,8.184e-10,-0.0077,0.0043,"A","G",0.07756,"Btz3e6"
"213","rs7115692",0.0615031325940498,0.0099,6.321e-10,1e-04,0.005,"A","G",0.9862,"Btz3e6"
"214","rs4936215",0.0816997954833017,0.0107,1.868e-14,0.0162,0.0053,"A","G",0.002085,"Btz3e6"
"215","rs893949",-0.0611045066532856,0.0087,1.642e-12,0.0093,0.0044,"A","G",0.03278,"Btz3e6"
"216","rs7112912",-0.053000336561653,0.0088,1.392e-09,0.0101,0.0044,"A","G",0.02178,"Btz3e6"
"217","rs3016386",-0.0503033045092425,0.0087,6.239e-09,0.0022,0.0043,"A","G",0.6115,"Btz3e6"
"218","rs79445414",-0.12340003148223,0.0222,2.798e-08,0.0042,0.0104,"A","G",0.6832,"Btz3e6"
"219","rs7001340",0.0584952975902863,0.0106,3.173e-08,0.0107,0.0051,"A","G",0.0361,"Btz3e6"
"220","rs61786047",-0.0778032789468595,0.0135,8.335e-09,-0.0265,0.0065,"A","G",4.52e-05,"Btz3e6"
"221","rs6520064",-0.0584981343943099,0.0106,3.583e-08,-0.0052,0.0053,"A","G",0.3277,"Btz3e6"
"222","rs713692",0.0566020980240563,0.0095,2.666e-09,-4e-04,0.0047,"A","G",0.9361,"Btz3e6"
"223","rs6798742",-0.061099109367851,0.0093,4.569e-11,0.0042,0.0047,"A","G",0.3662,"Btz3e6"
"224","rs9813516",0.0544033888793865,0.0091,2.186e-09,1e-04,0.0046,"A","G",0.9837,"Btz3e6"
"225","rs2238057",-0.0835011813049328,0.0087,8.502e-22,-0.0084,0.0043,"A","C",0.05321,"Btz3e6"
"226","rs740417",0.0507026199737612,0.0089,1.363e-08,0.0098,0.0045,"A","C",0.02874,"Btz3e6"
"227","rs12712510",0.0574006067311047,0.0087,5.144e-11,0.0139,0.0043,"A","G",0.001361,"Btz3e6"
"228","rs2909457",-0.0489996660319079,0.0087,1.482e-08,0.0057,0.0043,"A","G",0.1874,"Btz3e6"
"229","rs35734242",-0.0507039943747058,0.0089,1.368e-08,0.0039,0.0046,"A","G",0.3928,"Btz3e6"
"230","rs6125656",0.0644958553811008,0.0111,6.293e-09,0.0089,0.0056,"A","G",0.1104,"Btz3e6"
"231","rs926288",-0.0613011005766046,0.011,2.495e-08,-0.0153,0.0054,"A","G",0.00459,"Btz3e6"
